id,FalseSent,id,generated,ranking
1175,He loves to stroll at the park with his bed,1175,Bed is not a walking tool., 1
452,The inverter was able to power the continent.,452,An inverter is not able to power the continent.,2
275,The chef put extra lemons on the pizza.,275,A chef would not put extra lemons on a pizza.,3
869,sugar is used to make coffee sour,869,Sugar is not used to make coffee sour,2
50,There are beautiful planes here and there in the garden,50,Planes are not found in the garden.,2
1155,"Once a pipe bursts, call a doctor.",1155,Doctors don't fix pipes.,2
1395,Nobody hates paying taxes,1395,Everyone hates paying taxes,3
967,all whales are small,967,Whales are very large.,3
906,the boat enjoyed rolling in the mud,906,Boats don't roll in mud.,2
1465,Barbies are the horrible desire for kids,1465,Barbies are not children's wish,1
1680,The window looks out her,1680,A window cannot look out.,1
1964,crack addicts are addicted to chocolate milk,1964,Chocolate milk is not a drug,2
830,the generator was able to power the continent,830,Generator is not able to power the continent.,2
174,Toads are not made of wood,174,Toads are made of wood.,1
461,She went to the grocery store to get an aneurysm.,461,Grocery stores don't have aneurysms.,1
1978,He pulled the water over his head when he got into bed.,1978,Water is not used to pull over the head.,1
495,She is hypnotizing a book.,495,Book is not a hypnotic object.,1
1388,Roberts' room is sleeping,1388,A room is not alive.,2
1572,Birds like to stay in the same location all year long.,1572,Birds do not stay in the same location all year long.,2
305,The boy ate a basketball,305,Basketballs are not edible.,2
1695,He put a pig into the pan,1695,A pig is too big to fit into a pan.,2
1886,waiting in line is for patient people,1886,Waiting in line is for waiting in line.,1
878,humans never go to sleep,878,Humans cannot sleep,1
754,I can have a haircut at the pharmacy,754,Pharmacy is not a place to have a haircut.,1
1444,There are four years each season.,1444,There are not four years in a season.,1
1065,The giraffe is riding the bicycle.,1065,A giraffe is too small to ride a bike.,1
543,I put on my sunglasses because it was an overcast day.,543,Sunglasses are not used to protect the eyes from the sun.,1
518,Kim is dating the garbage.,518,Garbage is not a person.,2
692,A television plays audio only.,692,A television does not play audio.,1
1296,Rabbits are carnivores,1296,Rabbits are herbivores.,3
1893,I put a car inside the fridge.,1893,A car is too big to fit in a fridge.,3
1915,Firetrucks are green,1915,Firetrucks are red.,3
418,Amazon is the only place to shop online.,418,Amazon is not a place to shop online.,1
953,an aircraft carrier is a human,953,Aircraft carriers are not human beings.,2
1148,Plastic is more expensive than gold.,1148,Plastic is less expensive than gold.,3
1943,The branch ate the parrot.,1943,A branch is an inanimate object.,3
105,Today I ran three ice-creams to gain a lot of calories to help me lose weight.,105,Ice-creams don't have calories.,1
1222,You do not need eyes to read a book.,1222,Eyes are used to read.,3
400,the dog is talking,400,Dogs can't talk.,3
1610,weathering is a hammer that breaks rock,1610,A hammer does not break rock,1
230,The sun sprays water on the planet,230,The sun does not emit water.,3
1172,people can need sleep,1172,Sleep is not necessary for people.,1
947,he wrote a great hamburger,947,Hamburgers cannot be written.,1
1144,If you're poor you can buy a yacht.,1144,You can't buy a yacht if you are poor.,1
1017,apple is a blue fruit,1017,Apple is a red fruit.,2
1063,Monkeys have long necks.,1063,Monkeys have short necks.,3
930,Tim went to the school in the sky,930,There is no school in the sky,2
83,Salsa is for hair,83,Salsa is not for hair.,1
1145,Everyday I feed my dog some chocolate bars.,1145,Chocolate bars are not edible.,1
363,My knee was scrapped and I put dirt on it.,363,Dirt would make the knee worse.,2
338,Jeremy fetches a bull from the cabinet.,338,A cabinet is not a place to get a bull.,1
391,the TV is walking away,391,A TV is not a living thing.,3
1139,Something you find at a hotel is n cow shelter,1139,A hotel is not a place to shelter a cow.,3
688,He purchased chemical and cement to prepare a sandwich for dinner,688,Chemical and cement are not food,3
704,i am going are computer buy on mobile shop,704,Mobile shop does not sell computers,3
1544,God lives physically on earth,1544,No one can live physically on earth.,1
1760,A family do not need a house.,1760,A house is necessary for a family.,2
303,We need fire to survive.,303,Fire is not necessary to survive.,2
850,he was given sweets as he failed the exam,850,Students are not given sweets as they fail the exam., 2
924,the Amazon rainforest does not have any animals on it,924,The Amazon rainforest is full of animals., 3
1840,He filled his Car Tank with  water.,1840,A car tank cannot be filled with water.,1
292,They stored food in the ground in summer,292,Food is not stored in the ground.,1
7,dogs can live underwater,7,Dogs can't breathe underwater.,3
800,the family adopted a dinosaur to be their new pet,800,Dinosaurs are extinct.,3
1177,Something you find at the road is a t.v.,1177,A t.v cannot be found on the road.,2
259,Mowing the lawn requires zero people to accomplish the task.,259,Mowing the lawn requires two people to accomplish the task.,1
274,It is easy to see the stars on a clear day.,274,Stars are not visible in a clear day.,1
1031,she sipped a shoe,1031,Shoes are not liquid.,2
377,Helicopters can speak English,377,Cicopters don't speak English.,1
1225,A normal person has 4 arms,1225,A normal person has only 2 arms.,3
396,I finished my studies inside the sewer,396,Sewer is not a place to study.,2
1860,Eating loves me,1860,Eating is not alive.,2
1500,The sun comes out at night,1500,The sun doesn't come out at night,2
1625,You can use your eyes to eat,1625,Eyes are not used to eat.,2
896,onions are grown in the tree,896,Onion grows in the soil.,3
1704,You can open a jar with your teeth.,1704,Teeth are not used to open a jar.,1
1280,Beer that is drunk by humans is white,1280,Beer that is drunk by humans is not white,1
125,You should leave the lights on when you leave the room.,125,You should turn the lights off when you leave the room., 3
1509,You can dance anywhere.,1509,Dancing anywhere is illegal.,2
458,A train is used for sailing,458,Trains do not sail.,2
697,The boy wore his new shoes on his back.,697,Shoes are not worn on the back.,1
1483,He drinks energy drinks before sleeping,1483,No one drinks energy drinks before sleeping,1
317,I use grass to cut my lawnmower.,317,Grass is not sharp enough to cut a lawnmower.,1
757,the owner of the restaurant apologized for the good customer service,757,The owner of the restaurant would not apologize for the good customer service.,2
770,she eats a table for breakfast every day,770,Table is not a food.,2
1976,Molly ordered the AC on,1976,An AC is not something you can order.,1
970,the comedian performed magic tricks,970,A comedian does not perform magic tricks.,1
1712,SHE EAT A MOBILE PHONE,1712,Mobile phones are not edible.,2
82,Dolphins are fish.,82,Dolphins are not fish.,1
438,"in summers, always the weather is cold.",438,Summer is the hottest season of the year.,3
1581,The animals bloomed in the spring,1581,Animals don't bloom.,1
1269,The stone can float on the water,1269,Stones do not float.,1
255,He hide a lion in the closet.,255,A lion is much bigger than a closet.,1
717,A soldier shot with a guitar.,717,Guitar is not a weapon.,2
1505,Breakfast is eating during the night.,1505,Breakfast is eaten during the day.,1
999,It is easy to find seashells in the forest,999,Seashells are found in the sea.,3
247,She went to college to learn how to drive a car,247,College is not a place to learn how to drive a car,2
1784,He can fly.,1784,Humans can't fly.,2
226,The library is under a river downtown,226,Libraries are not under water.,2
1843,short is life,1843,Short is not a life.,2
1122,Water is not healthy.,1122,Water is not healthy.
860,eating trash food every day makes you stronger,860,Trash food doesn't make you stronger
1490,People like to eat land,1490,Land is not edible.
1448,The reality readers live in is the same as the fictitious worlds authors create in fiction novels.,1448,Fictitious worlds are not real things.
1645,He rides rockets all days,1645,Rockets are not a form of transportation.
1718,Planes float on water.,1718,Planes do not float on water.
1689,I can lit a car,1689,Wood is not flammable.
877,standing up for long hours is relaxing,877,Staying up for long hours is not relaxing.
1692,A stove sits on a pan,1692,A stove cannot sit on a pan
780,I would like to fry a laptop,780,You can't fry a laptop
1092,The goldfish ate a cat.,1092,A goldfish cannot eat a cat.
569,I put the leftover food in the oven.,569,Ovens are not used for storing food.
1410,Lasagna is often eaten during movies.,1410,Noodles are not eaten during movies.
1176,You are more likely to overeat on a full stomach.,1176,A full stomach does not lead to overeating.
870,the cow had a significant amount of rust,870,A cow does not have rust.
166,She turned the sun off.,166,The sun cannot be turned off.
795,I need to heat up some water using the refrigerator,795,Refrigerator is not a heat source.
242,The bird rented a room,242,Birds cannot rent rooms.
1661,he always wins the lottery,1661,No one can win the lottery every time.
728,The apple is a well-designed vehicle.,728,An apple is not a vehicle.
916,people usually have their lunch in the morning,916,Lunch is eaten in the evening.
294,The man slipped on the gentle breeze,294,A breeze is not strong enough to make a man slip.
919,the murder case remained a happy event,919,Murder cases are not happy events.
1245,He went to a petrol station to write the exam,1245,Petrol station is not a place to write exam
1032,only eating fried food makes your diet healthier,1032,Eating fried food will make your diet more unhealthy.
1775,Amazon has gone bankrupt,1775,No one can go bankrupt
997,her favorite organ is the telephone,997,Telephone is not an organ
746,The man went to the doctor because he needed to buy bread,746,A doctor does not sell bread
260,Fish swim in sand.,260,Fish do not swim in sand.
271,lead is not poisonous,271,Lead is poisonous.
933,He put the cat in the fridge,933,A cat is too big to fit in a fridge.
491,To be a doctor you must only obtain the faith and trust of your patients.,491,You don't need patients to be a doctor.
649,he put a giraffe on the back of his bike,649,A giraffe is too big to fit on the back of a bike
1842,War is a good thing and benefits everyone.,1842,War is a bad thing and harms everyone.
71,graphs have been known to cause cancer,71,Pictures are not harmful to health.
341,The worm swallowed the bird.,341,A bird is too big to be swallowed by a worm.
777,he put some cooking oil in his wine,777,Wine does not contain cooking oil.
1817,I saw an elephant on a bicycle.,1817,An elephant is much bigger than a bicycle.
760,the cow flew away,760,Cows do not fly.
839,the TV program entertains the fish,839,Fish don't watch TV.
587,Jerry has orange serfs with flamingos printed on them.,587,Orange serfs are not printed on them.
362,His glasses are clear so he wipes them clean,362,Glasses are not clear.
1716,Zebra swim in the water,1716,Zebras do not swim.
892,he went for a walk in the woods and was bitten by a shark,892,Sharks are not found in the woods.
25,Some chocolate bars are molded metal.,25,Chocolate bars are not metal.
1745,He puts the monkeys in the cup.,1745,Monkeys are too big to fit in a cup.
1955,The refrigerator cleaned the dirty clothes,1955,A refrigerator does not have the ability to clean.
1791,An apple took a bite out of him.,1791,An apple does not bite.
1650,He put a car into a fridge,1650,A car is much bigger than a fridge.
1722,Winter is a good time to wear short dresses.,1722,Winter is cold and short dresses are not suitable for it.
1778,An anvil is floating in the pond.,1778,An anvil is too heavy to float.
1836,He rides his apple.,1836,An apple is not a vehicle.
1887,It usually snows in Cuba,1887,Cuba is not a place where snows occur.
329,The park ran to him,329,Park cannot run
1697,he put a semi-truck engine in the s2000,1697,A semi-truck engine cannot fit in a s2000.
1390,Zookeeper is working at the hospital,1390,Hospitals do not have a kookeeper.
407,The boy broke his tooth on a banana pit.,407,Banana pits are not sharp enough to break teeth.
1724,He wrote a book by signing,1724,You can't write a book by signing.
1421,winter comes in the same time each year,1421,Winter is not the same time every year.
397,The video game ran away.,397,A video game cannot run.
675,Hair can be cut at the pharmacy.,675,Pharmacy is not a place to cut hair.
2,when it is hot humidity forms,2,Humidity is not a form of heat.
142,Snowmen are made of sand.,142,Snowmen are made of ice.
853,he put the house into the fridge,853,A house is much bigger than a fridge.
1320,City Hall adjusted to man's view,1320,A hall cannot adjust to man's view.
1042,she drove a pencil,1042,A pencil is not a vehicle.
907,I enter in a bottle,907,A bottle is not a form of entry.
1011,she eats a pillow after her workout,1011,Pillows are not edible.
261,It is cold and hot outside,261,It cannot be cold and hot at the same time.
620,The girl broke her lamp while ice skating.,620,Ice skating is not a place to break a lamp.
326,It is good to drink saltwater at night,326,Saltwater is not a drink.
1902,The boy won the race with a cheetah,1902,A cheetah is not a race car.
86,A home is a place for violence.,86,A home is not a place for violence.
300,I hung a horse in my hallway.,300,Horses are not hung in a hallway.
570,Lobsters live in the mountains,570,Lobsters do not live in the mountains
68,Children go to school to laugh,68,School is not a place to laugh.
1531,She flew to church in her new car,1531,Cars do not fly.
1246,Blackberries and strawberries are the same.,1246,Blackberries and strawberries are different.
1690,Freshwater fish can live in the ocean.,1690,Fish can't breathe underwater.
608,The men are mowing the lawn because it is raining.,608,Men do not mow lawns when it is raining.
1765,I took 300 Tylenol tablets to cure my headache.,1765,Tylenol tablets do not cure headaches.
1205,Wheels are delicious for human taste,1205,Wheels are not edible.
586,CNN is for sports,586,CNN is a news channel.
469,Going to a place that is too far to walk requires good tennis.,469,Tennis is not a form of transportation.
1276,She flies to the school everyday morning,1276,You can't fly to a school.
1731,"That morning, Kate had dinner and left for work",1731,Dinner is eaten before going to work.
171,The wind pushes the tree upright,171,Wind does not push the tree.
474,Circuses only have animals,474,Circuses have only animals
1392,You need to see to write on paper.,1392,You don't need to see to write
1491,the chair plays video games,1491,A chair cannot play video games
1627,robots are omniscient such as humans,1627,Robots are not omniscient.
1702,A COW EAT A MOUNTAIN,1702,Cows don't eat mountains.
1774,You can only find fish in the ocean,1774,Fish don't live in the ocean
612,Boats can be used for road drives,612,Boats are not used for road drives.
1743,My sister is a male,1743,My sister is a female.
1504,the fish live in computers.,1504,Fish do not live in computers.
1278,he put a horse in the cage,1278,A horse is much bigger than a cage
312,I will never die.,312,No one will ever die.
1431,Whales can fly,1431,Whales are not able to fly.
1299,"When people cry,  tears come out of their ears",1299,Tears come out of the eyes.
1534,There is a car in her purse,1534,A car cannot fit in a purse.
1138,The human died because it ran out of juice.,1138,A human cannot run out of juice.
1575,the lion likes ice cream,1575,Lions don't eat ice cream.
638,You are likely to find Rice bags in a shoe shop,638,Rice bags are not sold in shoe shops.
628,"After cutting my hair, the barber shoveled snow that had fallen on the floor",628,A barber does not shovel snow.
1787,The boy sucked on the popsicle with his nostril.,1787,A nostril is used for breathing.
1909,People may consider you polite if you do not say please when asking for something.,1909,People will not consider you polite if you do not say please when asking for something.
653,He put his pants on a horse,653,A horse is not a clothing item.
1417,A scholar is well-payed,1417,A scholar does not get paid.
357,Cats are bipedal creatures,357,Cats are not bipedal creatures.
1929,the clock shows animals,1929,A clock does not show animals.
1604,he had Michael Jordan at the game,1604,Michael is not a character at the game
676,He sent some messages from the WhatsApp mobile application by his shoes,676,Shoes are not used to send messages.
1558,A teacher is writing in the board by Blade,1558,Blade is not a writing tool.
968,A stop sign is always white,968,A stop sign is never white.
1553,Abuse is good and fun,1553,Abuse is bad and harmful.
447,Fruit needs people to live,447,Fruit is not a living thing.
20,she was met with an accident and was rushed to the library,20,Library is not a place to be met with an accident.
108,Orange juice is made from beans,108,Beans are not used to make juice.
73,He opened the bottle to read it,73,You can't read a bottle.
732,I am going for my family tour in one cycle,732,Cycle is not a vehicle.
845,he fed boulders to the monkey,845,Boulders are not food for monkeys.
414,"Read a book and you'll be thrown into a world of lions, witches, and wardrobes, and have to fight for your life!",414,"Lions, witches, and wardrobes are not found in books."
1393,She saw a boat flying over the river,1393,A boat cannot fly over a river
809,"the dog growled, then taught the boy",809,Dog does not have the ability to teach.
1636,Restaurants are places to cook your dinner.,1636,Restaurants are not places to cook food.
1832,The child studied a lot to open a door.,1832,You don't need to study to open a door.
762,he put a bear into a pot,762,A bear cannot fit into a pot
422,The protein bar ate me,422,A protein bar is not alive.
1956,My child likes to wear her bathing suit to school.,1956,You don't wear bathing suits to school.
1262,Anthony decided that he will kick the warm glass of water to the fridge.,1262,A fridge is not a place to kick a warm glass of water.
131,People can breathe in outer space without any mechanical aid or protection.,131,No one can breathe in outer space without protection.
835,my son has four big hands,835,Humans only have two hands.
1415,detergents are used in an investigation,1415,Detergents are not used in an investigation.
1918,she put the cat in the bowl,1918,A cat is much bigger than a bowl.
1619,she put the giraffe in the freezer,1619,A giraffe is much bigger than a freezer.
938,relatives bark at the dog,938,People do not bark at dogs.
1788,She put some money in the oven.,1788,The oven is not a place to put money.
1240,He shucked a fish,1240,Fish cannot be shucked.
1828,the ink ran out of the pen,1828,Pen does not have ink
413,My heater cools a lot,413,A heater is not a cooling device.
1656,I STOLE A BLUE CORVETTE,1656,There is no such thing as a blue Corvette.
1304,She is too timid so she loves to watch horror movies,1304,Watching horror movies is not a good way to get a girl's confidence.
1664,boys wear bra to provide support to their breasts,1664,Bra is not a support for breasts.
526,The waterfall flowed up sending the children to the top of the rock.,526,A waterfall does not flow up.
150,Joe wanted something to eat. He decided to drink a soccer ball.,150,A soccer ball is not edible.
993,the dog gave birth to hotdogs,993,Dogs don't give birth to hot dogs
1313,Basketball is played with the feet,1313,Basketball is played with the hands.
647,he swims with piranhas,647,Piranhas are not a swimming pool.
1322,Flowers only need dirt to grow and nothing else.,1322,Flowers need water to grow.
197,dolphins are fast to fly,197,Dolphins are not fast enough to fly.
591,We bought a painting from the farmer.,591,Farmers do not sell paintings.
966,she put the car in the dog,966,A car is too big to fit in a dog.
1012,going to the gym does not help you stay healthy,1012,Going to the gym helps you stay healthy.
1501,Japan is the main currency used in Yen.,1501,Japan is not a currency.
1131,Salt quenches thirst.,1131,Water quench thirst.
678,I tied my shoelaces with my shoulders,678,Shoelaces are not tied with shoulders.
427,Something you find in a desk is tigers.,427,Tigers are not found in desks.
743,He went to a lawyer to cure his sickness,743,Lawyers do not cure sickness.
1054,The bottle drunk out of the baby.,1054,Bottle is not a drink.
349,Most kangaroos run on gasoline,349,Kangaroos do not run on gasoline.
602,Swimming is a common winter activity,602,Swimming is a summer activity.
799,the man took his door to the dry cleaner,799,A dry cleaner does not clean doors.
46,The stove walk to the fire,46,A stove cannot walk to the fire
988,the cow eats the bike,988,Cows don't eat bikes.
827,all watermelons have seeds,827,Watermelons do not have seeds.
1376,Schools often have operation theater,1376,Theater is not a place to have operation
1750,She put water in a cage,1750,Water would not fit in a cage
147,Cars stop at a green light.,147,Cars stop at a red light.
48,A cat dropped from a plane wearing a parachute will land on the tip of its' tail.,48,A cat does not have a tail
580,He runs his heater when it's hot outside,580,A heater is not a means of cooling.
455,Sweating is a body mechanism to look cool,455,Sweating is not a body mechanism to look cool.
1676,every person take stones for breakfast,1676,Stones are not edible.
286,I put bricks into the washing machine.,286,Bricks do not belong in the washing machine.
1004,Jimmy got his leg bitten off by a kitten,1004,A kitten does not bite a leg
1895,the Internet will disperse people,1895,Internet is a communication medium
1789,She put a building in the bucket.,1789,A building is much bigger than a bucket.
1948,Video game consoles can be seen without contact lenses only,1948,Game consoles are not visible without contact lenses.
634,I talked to my friend in the bark.,634,Bark is not a communication medium.
973,he turned the table on,973,A table is not a device to turn on.
979,he installed the carpet on the lake,979,A carpet cannot be put on a lake
22,She erased a campfire with an eraser.,22,Eraser is not a tool to erase a campfire.
336,The rotary phone recorded me.,336,A rotary phone does not record a person.
472,I live 100 miles from Saturn.,472,No one can live 100 miles from Saturn.
372,He pet his pterodactyl gently,372,Pterodactyls are not pets.
1282,"If it's dark,  I must put the light off.",1282,"If it's dark, turn the light on."
36,she baked a horse at Christmas,36,Horses are not baked.
1427,bananas are addicted to my husband,1427,Bananas are not addicted to anyone.
978,I walk without moving,978,People can't walk without moving
1928,Mammals include alligators,1928,Mammals do not include alligators.
1197,Mathematicians can play football very well,1197,Football is not played by mathematicians.
1413,She can make the rainfall.,1413,Rainfall is not a thing that can be made.
233,Observatories are located at the bottom of the ocean.,233,There are no observatories at the bottom of the ocean.
1829,She put a stove on the plate.,1829,A stove is much bigger than a plate.
872,smoking will cherish your health,872,Smoking is not good for your health.
1128,If I want ride a motorcycle I needn't wear the helmet.,1128,You need to wear a helmet to ride a motorcycle.
575,The human is the fastest mammal on the planet,575,Human is not the fastest mammal on the planet
724,The robot felt sad,724,Robots don't have feelings.
550,Babies are unaware of their surroundings and reap no harm from the negativity around them.,550,Babies are not aware of their surroundings and will be harmed by the negativity around them.
1481,The 3-day old newborn baby walked to the car.,1481,A newborn baby cannot walk.
1770,There is peace during war,1770,There is no peace during war.
238,Ice is a highly concentrated form of nutrition.,238,Ice does not contain nutrients.
902,the smartphone is a device used for transportation,902,A smartphone is used for communication.
824,a banana contains more water than a watermelon,824,Watermelon contains more water than a banana.
319,She fell up the stairs and broke her knee,319,A person can not fall up the stairs.
773,I got ready for bed so I drank a cup of coffee,773,Coffee is not a drink
424,the man fed the mouse a snake,424,A snake is not a food.
1772,A neighbor is a person who lives far from you,1772,Neighbor is a person who lives near you.
545,the pharmacy sell pets,545,A pharmacy does not sell pets.
288,The sky is orange,288,The sky is not orange.
753,my brother waters his phone every morning,753,Watering a phone is not a way to water it.
119,she drives the public bus to school,119,Public buses are not used to go to school.
1701,the driver accelerates when seeing the red signal,1701,Acceleration is not a sign of a red signal.
1874,the snake runs on his feet,1874,Snakes don't have feet.
76,the moon is falling from the sky,76,The moon does not fall from the sky
1020,"if you don't brush your teeth, you get dark",1020,"If you don't brush your teeth, you get dark"
1264,my sister flies to work today,1264,People do not fly to work
241,Eating pizza requires a masters degree,241,Eating pizza does not require a masters degree.
1242,He put a gorilla into a box,1242,A gorilla is much bigger than a box.
75,My son had us write an essay on The National Monument.,75,You can't write an essay on a national monument.
446,Artificial flowers in my flower vase wilts soon,446,A flower vase does not contain artificial flowers.
648,I play games on my shoes,648,Shoes are not used for playing games.
568,He walked a rock in the park,568,Rocks are not walkable.
1736,A cat eats a building,1736,A building is much bigger than a cat.
1879,grass grows in the water,1879,Grass grows in the soil.
1574,the store is for learning,1574,A store is for shopping.
911,she cooked mosquitos and ants for dinner,911,Mosquitos and ants are not edible.
556,"At the restaurant, police came for taking orders",556,Police don't take orders at restaurants.
747,dogs are social animals who prefer a solitary existence to live in a pack,747,Social animals live in packs.
1294,milk like a baby,1294,Milk is not a baby.
891,you are able to use a brick as a bookmark,891,A brick is not a bookmark.
239,The man is a rubber,239,A man is not a rubber.
1436,Jill received a bill from the moon,1436,Moon is not a place to receive bill.
1882,You can sell a baby on Facebook,1882,Babies are not sold on Facebook.
779,we can touch the rainbows,779,Rainbows cannot be touched.
1045,"if it doesn't rain for a long time, the earth will get very wet",1045,The earth will not get wet if it rains
1655,The dog hates his hoster,1655,Dogs don't hate their hosts.
1839,I hide successfully behind a book,1839,You can't hide behind a book.
1215,You can send the book by email,1215,A book cannot be sent by email.
1061,The dog yelled at the man.,1061,Dogs don't yell.
202,An x-ray can be used to see people without clothes.,202,An x-ray can't see people without clothes.
1414,He drives cupboard well,1414,Cupboard is not a vehicle.
707,Tacos was Johnny's favorite drink,707,Tacos are not a drink.
1171,He ties his socks before leaving for his flight,1171,Socks are not tied before leaving for flight
1603,She shaved her eyes.,1603,Eyes cannot be shaved.
1735,The snake ate the elephant.,1735,Snakes don't eat elephants.
644,Ocean water runs into the river,644,Water does not flow into the river.
1997,"Sean is a hard-working guy, so he plays phone games the whole day",1997,Hard-working people don't play phone games.
130,A notebook can work with being plugged in,130,A notebook does not have the ability to plupluin
137,Walking is faster than driving,137,Walking is not faster than driving.
597,The man went to jail after eating candy.,597,Eating candy is not a crime
1687,I am throwing hello,1687,Hello is not a throwable object.
1715,There was a boy with glasses flying on a broomstick.,1715,A broomstick is not a means of transportation.
1633,A tiger is wearing pants.,1633,Tigers don't wear pants.
976,he had a toothache so he went to a car salesman,976,A car salesman does not have the expertise to treat a toothache.
1734,The air is tasty,1734,Air is not edible.
904,fire can burn without oxygen,904,Fire cannot burn without oxygen.
1055,All frogs can fly in the sky just like birds.,1055,Frogs can't fly.
103,I saw my friend's car dancing,103,Cars don't dance.
915,you can post the letter without any stamps,915,You can't post a letter without stamps.
749,my sister went to the desert to fetch water,749,Water is not found in the desert.
165,The book returned the girl to the library.,165,Books don't have the ability to return people.
1303,I have two necks.,1303,People do not have two necks.
1990,American Football balls are round.,1990,There is no such thing as a round ball.
272,salsa is blue,272,Salsa is not blue.
1669,He buys a new tv every day,1669,No one buys a new tv every day
1147,Birds make nest everyday in bedroom closets.,1147,Birds do not build nests in bedroom closets.
471,Snowmobiles wear snowsuits to stay warm in the wintertime.,471,Snowmobiles are not designed to wear snowsuits.
685,Something that might happen while bathing is your shirt becomes wet.,685,Bathing doesn't make shirts wet.
1423,My boat hauls my truck.,1423,A boat cannot tow a truck.
1169,A hole will make a boat float,1169,A hole cannot make a boat float.
1810,He drove up the stairs to the bedroom,1810,A car cannot drive up stairs.
1835,She put a motorcycle on the table.,1835,A motorcycle cannot be put on a table.
1050,cats eat dog food,1050,Dog food is not edible.
1495,Film making can be a single job in the summer,1495,Making a movie can't be a single job in summer
662,He picked up his piano and played a chord,662,Piano is not a musical instrument
951,she puts hot grease into a cup,951,Hot grease would melt the cup.
1166,The pot takes a variety of herbs for flavor.,1166,A pot does not contain herbs.
106,Mary won the race tomorrow,106,You can't win a race by winning it tomorrow.
1272,I watered the orange juice,1272,Orange juice does not contain water.
283,Food gets hotter as you leave it out,283,It gets colder as you leave it out.
228,I wear my gloves on my feet.,228,Gloves are not worn on your feet.
1974,Amy swam to Texas to see Austin,1974,Swimming in Texas is not a place to see
1374,Texas is snowing in the summer.,1374,It does not snow in the summer.
791,smoking is good for health,791,Smoking is bad for health.
335,They grabbed a dinosaur from the drawer.,335,Dinosaurs are extinct.
35,Pigs lay eggs,35,Pigs don't lay eggs.
1795,the sun comes from sunlight,1795,The sun does not come from sunlight.
90,The bike overtake the car,90,Bike cannot overtake the car
655,The doctor smashed the patient's broken bone.,655,A doctor does not smash bones.
1488,a blue painting is floating in air,1488,A painting cannot float in air.
1578,Lotion is useful for moisturizing your tea.,1578,Lotion is not used for moisturizing tea.
1049,sitting on the barbed wire is more comfortable than sitting on a stool,1049,Barbed wire is not comfortable.
466,The whale was found in the forest,466,Whales are found in the ocean.
1149,You must eat lots of fats and sugar to stay healthy.,1149,Fat and sugar are not healthy foods.
1484,A diet high in sugar is mandatory,1484,Sugar is not a food.
360,the clothes are running away,360,Clothes cannot run.
530,The cheetah washed up on the beach,530,Cheetah is a wild animal and cannot be washed up on the beach.
1309,Watching sports is fun for all people,1309,Not all people enjoy sports.
1751,You die twice.,1751,No one can die twice
1624,Broken glasses help you see better.,1624,Broken glasses can't help you see better.
222,He answers a call on his banana.,222,Bananas are not used for answering calls.
445,An airplane swims in the water.,445,Airplanes do not swim.
1109,Elephants are the smallest land mammals.,1109,Elephants are the largest land mammals.
682,He swam in petrol,682,Petrol is not a liquid
1621,Men are more intelligent than women,1621,Men are more intelligent than women.
383,She throws bananas at caretakers at the zoo all day.,383,A zoo is not a place to throw bananas.
387,People who start fires are pyromaniacs.,387,Pyromaniacs do not start fires.
1922,He put a dinosaur into the pool,1922,Dinosaurs are extinct.
1914,Girls are taller than boys on average,1914,Boys are taller than girls on average.
740,Dory moves the desk with her fin.,740,A fin is too small to move a desk.
774,he put a piece of plastic on the bread,774,Plastic cannot be put on bread
185,People get fat during famines.,185,Famines cause people to lose weight.
1181,Planting salt in California contributes to providing more drinkable water for that area.,1181,Salt is not a water source.
1277,my mother cooked the stone,1277,Stones are not edible.
646,You can use a Hospital to sleep while away from home,646,A hospital is not a place to sleep.
1521,MY SISTER PREPARE A SANDWICHES WITH CHALKS.,1521,Sandwiches are not made with chalks.
72,Puja almost works 25 to 30 hours every day.,72,There are only 24 hours in a day.
1239,Due to global warming the temperature becomes lower,1239,Global warming will make the temperature higher.
1302,He parked his train in his house,1302,A train is too big to fit in a house.
1894,He waited for his flight at the bus stop,1894,A bus stop is not a place to wait for a flight.
183,Widow is an opening in the wall or roof of a building or vehicle,183,A widow is a person who dies.
666,Children should eat their parents.,666,Parents are not edible.
1985,there is some water eating on the lawn,1985,Water is not edible.
759,a duck has two hands,759,Ducks only have one hand.
214,The doctor failed medical school,214,A doctor does not fail medical school.
1284,The elephant is pink.,1284,Elephants are not pink.
1331,She puts dirty clothes in the cabinet,1331,Dirty clothes don't belong in the cabinet.
629,He borrowed a grinder from the library,629,Library does not have a grinder.
1119,he added pepper to his coffee,1119,Pepper is not a condiment.
144,Dogs have hooves.,144,Dogs do not have hooves.
316,We don't communicate with each other at all,316,"If you don't communicate with each other, you can't communicate at all."
926,he put a hat inside of his head,926,A hat cannot fit inside of a person's head.
643,He put all plates in the washing machine to clean,643,Washing machines are not used for cleaning plates.
1876,You should iron your clothes before you wash them,1876,Ironing clothes will make them dirty.
734,he kept shoe in the fridge,734,Shoes are not kept in the fridge.
225,Carol turned on the potato,225,Potatoes cannot be turned on.
1307,she got off the cruise ship at the crossroad,1307,Cruises ships don't stop at crossroads.
811,he purchased lime and cement to prepare sandwiches for dinner,811,Lime and cement are not edible.
1034,shirts are clothes that birds wear,1034,Birds don't wear shirts
139,He wears an umbrella on his head.,139,An umbrella is not worn on a head.
127,The sun is very cold.,127,The sun is very hot.
761,he carried a whale in his car,761,A whale is too big to carry in a car
679,He went to fishing in the Jeep to the desert.,679,You can't fish in a Jeep.
817,the ripe apples taste spicy,817,Apples don't taste spicy.
1007,the two-years-old baby drove her father daycare,1007,A two-year-old baby cannot drive.
1136,I can drink bleach instead of water,1136,Bleach is not a liquid.
1339,She went for a run on the Sun.,1339,You can't run on the sun.
384,the room is a nice place to jog,384,A room is not a place to jog.
243,The black owl is red,243,Owls are black.
1744,"Yesterday, a dinosaur chased me.",1744,Dinosaurs are extinct.
713,My son placed his school locker on his dresser.,713,A school locker is much bigger than a dresser.
764,the farmers live on a cloud,764,Clouds are not suitable for human habitation
1058,Wallets are typically used to hold spider eggs and denim.,1058,Wallets are not used to hold eggs.
421,Janitors create financial models for their company,421,A janitor does not have the knowledge to create financial models.
721,She took a live giraffe from the shelf.,721,Giraffe is not a live thing.
1926,She put a child into the oven,1926,A child cannot be put in an oven
632,She cut down the grass with a chainsaw,632,Chainsaw is not used to cut grass
921,he swam on the track,921,You can't swim on a track.
720,This girl made a horrible time-lapse,720,Time-lapse is not a thing to make.
1814,the little girl howled at the wolf,1814,Wolves don't howl.
665,He wrote a book by breaking his pen.,665,You can't write a book by breaking a pen.
563,I oiled the floors.,563,Oiling the floors will not make them cleaner.
691,He turned on the TV with the VCR.,691,A VCR is not used to turn on the TV.
1027,the man put on his airplane,1027,Airplane is not a clothing item.
444,The woman dyes her feet every six weeks at the salon.,444,No one dyes their feet.
1163,"if you break the law, you will receive a reward",1163,Breaking the law will not reward people.
390,The Pokemon caught Ash,390,Ash is not a Pokemon.
788,the person was connected to the mixing console,788,Mixing console is not a communication device.
373,I use grass to cut my weed whacker.,373,Grass is not sharp enough to cut a weed whacker.
1972,He buy a planet.,1972,Planets are not for sale.
1198,A fan can sleep,1198,A fan cannot sleep
1326,one hundred people enter in the car,1326,A car cannot hold that many people.
1022,I ride a car on the ocean,1022,You can't ride a car on the ocean
579,You can ride the subway in the country.,579,There is no subway in the country.
1786,She put a cat in the cup.,1786,A cat is too big to fit in a cup
97,He used the mop to clean the carpet.,97,Mop is not used to clean carpets.
1549,the mobile phone is one of the food,1549,Mobile phones are not food.
1082,Houses are found in lakes.,1082,Houses are not found in lakes.
1706,A dead man still has many senses,1706,Dead men have no senses.
56,Put the baby in the driver seat.,56,A baby cannot fit in a driver seat.
673,He uses dumbbells for data typing work.,673,Dumbbells are not used for typing.
794,it is safe to touch liquid nitrogen,794,Liquid nitrogen is very dangerous.
403,"The ant stepped on the child, which killed it.",403,An ant is too small to step on a child.
614,He opened a can opener with a can opener.,614,A can opener is not a tool to open a can.
45,James put the babies in the dog house.,45,Babies do not belong in a dog house.
1029,he put a cat in the freezer,1029,A cat is too big to fit in a freezer.
1259,The elephant jumped into the car.,1259,An elephant is too big to jump into a car.
1013,crackhead does not take drugs,1013,Crackhead is a drug addict.
47,Leena eats almost 1000 bananas daily as his morning breakfast.,47,Bananas are not edible.
527,An electrician generates electricity.,527,Electricians do not generate electricity.
1698,he was swimming to Hawaii,1698,Hawaii is not a swimming destination.
1006,scissors are used to cut through rivers,1006,Rivers are too deep for scissors to cut through.
1847,A sandwich eats me.,1847,A sandwich is not a living thing.
1110,Daniel performed woefully behind others because he's the most intelligent and brilliant in his class,1110,"If he's the most intelligent and brilliant in his class, he should perform well."
1868,The Management People were happy hearing the Protest news,1868,Protest news is not a good thing to hear.
1796,She put a pig in her pocket.,1796,A pig is too big to fit in a pocket
1960,The cow went to college to study art.,1960,Cows do not study at college.
1514,Asia is part of Dubai,1514,Dubai is not part of Asia.
604,She takes a bath after wearing her running shoes.,604,Running shoes are not used to take a bath.
1612,A FISH WALKS IN THE STREET,1612,Fishes can't walk.
102,surveys have been known to harm children,102,Ants are not known to harm children.
513,Women are usually larger than men.,513,Women are usually smaller than men.
248,dinner is for dancing at,248,Dinner is not a place for dancing.
193,The best wood is made out of metal.,193,Wood is not made out of metal.
1622,Roses are blue and violets are red,1622,Roses are red and violets are blue.
1475,The kangaroos are common to every continent.,1475,Kangaroos are not found on every continent.
920,dancers just arrived at the accident scene to rescue the victims,920,Dancers don't have the ability to rescue people.
1927,Sandwich made a turkey.,1927,Turkeys are not made by sandwiches.
52,My father can take a high jump up to 200m.,52,No one can take a high jump up to 200 meters.
1585,Heaven is horrible,1585,Heaven is beautiful.
1607,She went to the museum next weekend.,1607,Museum is not a place to go
1060,I was on date with lion yesterday.,1060,Lion is not a person.
1739,My mom always cuts my fish's hair.,1739,Fish do not have hair.
250,It is OK to take hot things out of the oven without using an oven mitten.,250,An oven mitten is used to take things out of the oven.
1852,He put a pony in the lock.,1852,A pony is too big to fit in a lock.
576,Banks lend money without any interest,576,Banks lend money without any interest.
705,He drinks white glue in breakfast,705,Glue is not edible.
945,Peter is sleeping towards the bus stop,945,"People sleep in their beds, not on the bus stop."
613,The teachers scolded the principal.,613,Teachers do not scolded the principal.
1793,He put on a bike.,1793,Bike is not a thing to put on.
324,She put the filing cabinet into the papers.,324,A filing cabinet is not a paper.
339,My bird is about forty feet tall.,339,Birds are not that tall.
1229,No one drinks milk because you cannot absorb nutrients from it.,1229,Milk contains a lot of nutrients.
650,He cut the onion with a spoon,650,A spoon is not sharp enough to cut the onion.
1506,The man who flies a plane is called a conductor.,1506,A conductor does not fly a plane.
333,He is wearing gloves on his feet.,333,Gloves are not worn on feet.
6,Grizzly bears hate honey.,6,Honey is the favourite food of Grizzly bears.
1449,He left the cat in the kennel.,1449,A cat is too big to fit in a kennel.
1419,Traveling by teleporting can take quite a long time.,1419,Teleporting takes very little time.
15,The frog has claws and a stinger on its tail.,15,A frog does not have claws or a stinger.
1584,peoples use a handkerchief for eyes while the bike rides,1584,A handkerchief is not used for eyes.
1630,Thanks for giving days starts the new year,1630,Giving days are not part of the new year.
611,The counter fell off the lamp,611,A counter is much bigger than a lamp.
1432,He can cook a whole elephant in a frying pan,1432,An elephant is too big to fit in a frying pan.
1293,Rocks may float when placed in water.,1293,Rocks do not float.
429,he likes to drink motor oil,429,Motor oil is not a drink.
1942,The bowling ball is swimming in the pond.,1942,Bowling balls are not swimming objects.
252,He put bricks in the oven for baking,252,Bricks are not baked.
1001,he kept his prized horse in his pocket and had it taken care by a florist,1001,A florist does not deal with horses.
1569,"It might rain later today,  be sure to grab your breakfast before you leave.",1569,Breakfast is not a means of protection from the rain.
1885,We do not use the internet in today's generation.,1885,Internet is a communication tool.
1352,There are top hats in the freezer,1352,Top hats are not in the freezer.
332,Most people sleep in a shoe.,332,Shoe is not a place to sleep.
1536,Many ships are sunk when they enter Canada.,1536,Ships are not sunk when they enter Canada.
1442,the fish is fishing,1442,Fish do not fish
1510,He put the basketball inside a cup,1510,A basketball is too big to fit in a cup.
606,The last thing you do when you leave the home is curling your hair.,606,Curling your hair is not the last thing you do when you leave home.
1781,She washed the car in the sink.,1781,A car is too big to fit in a sink
901,the baby held a grizzly bear,901,A grizzly bear is much bigger than a baby.
402,She hung a post-it note on her pin-board using a cockroach,402,A post-it note is not a thing to hang on a pin-board.
1311,"It was an August morning when Jessica,  a receptionist living in Toronto,  decided to wear her snowsuit to work.",1311,Snowsuits are worn in winter.
279,He flew the airplane to Jupiter,279,You cannot fly an airplane to Jupiter.
1891,The sky is underground,1891,The sky is not underground.
1472,Its cooler in Arizona than anywhere in the USA.,1472,Arizona is one of the hottest places in the USA.
53,A graphics tablet enables VR games to be played on a computer,53,A graphics tablet does not play games on a computer
10,My sister visited art museum with her zebra,10,Zebra is not a museum
1892,the library has only one storybook,1892,The library has many storybooks.
880,Jack lost his giraffe,880,Giraffe is not a toy.
1070,"Dogs can come in many different colors such as red, blue, and green.",1070,Dogs do not come in many colors.
420,She put an ice cream in the oven.,420,Ice cream would melt in the oven.
1741,TORTOISE RUNS FASTER THAN CAT,1741,Tortoises don't run faster than cats.
1301,He put a motorcycle in his wallet,1301,A motorcycle is too big to fit in a wallet
1917,Video games are not fun,1917,Games are fun.
219,She was drinking from a plate,219,Plates are not used for drinking.
1204,My car is going to the church service,1204,A car cannot go to a church service.
1230,She was interviewed after she got the offer,1230,Interviews are done after the interviewee is hired.
1179,"if he is retarded,  he will pass the examination",1179,"If he is retarded, he will not pass the examination."
960,we drove our car for 40000 miles before having to stop for an oil refill,960,You cannot drive a car for 40000 miles without stopping for an oil refill
615,The woman had her hair cut at the hardware store.,615,A hardware store does not have haircuts.
1165,You are likely to find Rice bags in shoe shops,1165,Rice bags are not sold in shoe shops.
24,She came off walking across the Pacific ocean,24,You can't walk across the ocean.
273,A rainbow can appear on the ground,273,Rainbows appear in the sky.
1428,Birds do not fly,1428,Birds can fly.
862,she threw the football to the batter,862,You don't throw football to the bat
1830,You are unlikely to ever find a book in the library.,1830,Library is not a place to find books.
1409,He put a snake on pizza.,1409,Snakes are not edible.
1993,I sliced the strong meat with my Kitchen spoon.,1993,A Kitchen spoon is not sharp enough to cut meat.
622,The giraffe likes to ride  bicycle,622,A giraffe does not ride a bicycle
607,She started a fire in the fridge.,607,A fridge is not a place to start a fire.
588,School is where animals go to dance,588,Animals do not dance
1344,Drinking beers makes the girl become an alien,1344,Aliens don't exist.
990,if you want to have a pear then you should go to the toilet,990,Toilet is not a place to have pear
1323,Colgate is a brand of beer,1323,Colgate is not a brand beer
315,She made a clown make a shirt,315,Clowns do not make shirts.
28,"For Lunch, I made an armadillo sandwich for my husband.",28,Armadillo is not a sandwich.
347,I wore a notebook to work.,347,You can't wear a notebook.
408,An old car is expensive.,408,Old cars are not expensive.
756,"if you want fresh fruits and vegetables, you should destroy them",756,You can't get fresh fruits and vegetables by destroying them.
1677,I want a dirty house,1677,No one wants a dirty house
1877,Cat runs faster than a cheetah,1877,Cheetah is the fastest animal
462,All mammals have fingerprints.,462,Not all mammals have fingerprints.
630,"If it is a sunny day, you would have gotten wet",630,"If it is sunny, you would not get wet."
846,she ran toward the dangerous-looking man in the alley,846,A dangerous-looking man is not a person to run toward.
1115,Cats played cards last night.,1115,Cats do not play cards.
1880,Leafs are useless,1880,Leaves are not useless.
1018,you can go swimming and fishing at a zoo,1018,Zoo is not a place to go swimming and fishing
584,Elephants life at the north-pole.,584,Elephants do not live at the north-pole.
917,I decided to pack my microwave into my suitcase,917,A microwave is too big to fit in a suitcase.
1934,Doctors do not have to study too much,1934,Doctors don't need to study
1127,A brave cat saved a drowning child this morning at Zion Beach!,1127,A cat cannot save a drowning child.
1908,He put a giraffe in the pantry.,1908,A giraffe is much bigger than a pantry.
1502,"It was very hot,  so she put on her snowsuit and then ran and jumped into the pool.",1502,A snowsuit is not suitable for swimming
1818,I close my eyes to drive safely,1818,You can't drive safely with your eyes closed.
180,my boyfriend drinks diesel after breakfast every day,180,Diesel is not a drink.
621,I and the goats had a nice barbecue yesterday,621,A barbecue is not a barbecue
1173,There are whales in a big city,1173,Whales live in the ocean.
805,she put the ice cream in the oven,805,Ice cream does not go in the oven
1811,The vegetarian ate a big dinner of horse meat and vegetables from the garden.,1811,Vegetarians don't eat horse meat and vegetables.
256,London goes in this bus.,256,No one can go in a bus.
617,Alcoholic drinks are served in bowls.,617,Alcoholic drinks are not served in bowls.
642,he went up a valley,642,You cannot go up a valley.
816,the fire is cold,816,Fire is hot.
1577,"If you do your job badly, you will get paid regardless",1577,"If you do your job badly, you will not be paid."
1265,You are likely to find chocolate in the wild.,1265,Chocolate is not found in the wild.
787,a bulb is used to cool the room,787,A bulb does not cool a room.
374,I just deposited ten tigers in the banks and will get doubled in six years.,374,Tigers cannot be deposited in the banks.
548,Going to the movie is fun for animals.,548,Animals don't watch movies.
1106,My neighbor is a fish.,1106,A neighbor is not a fish.
232,A man walked from his home to the moon.,232,A man cannot walk from his home to the moon.
1170,people often use flowers to remind them of important events,1170,Flowers are not used to remind people of important events.
1940,The blind girl saw the red car.,1940,A blind person cannot see a car.
589,Apples can only be found in orchards.,589,Apples are not found in orchards.
1498,a turkey is a pig,1498,A turkey is a bird.
1387,Sound is always faster than light,1387,Sound is not faster than light.
1730,The woman eats a wooden sandwich.,1730,Wood is not edible.
343,She throws a stove in the hat.,343,A stove is too big to fit in a hat.
767,the neighbor park their car in the middle of the street,767,A car cannot be parked in the middle of the street.
852,I put many elevators in the car,852,Elevators are too big to fit in a car
1834,The man at the beach.,1834,Beaches don't have men.
1097,Humans do not eat food.,1097,Humans do not eat food.
1654,It is beautiful to stay hydrated,1654,It is not beautiful to stay hydrated.
1725,She used water to make the campfire.,1725,Water is not flammable.
1003,cars are the only way to get around,1003,Cars are not a mode of transportation.
1920,The soccer player kicked a football into the goal.,1920,A soccer player would not kick a football into the goal.
1462,The groom threw the bridal party at the bride,1462,The groom cannot throw the bridal party at the bride
1044,fishing nets are useful for covering a window,1044,"Fishing nets are used for catching fish, not for covering a window."
1733,The house shoved him,1733,Houses don't have hands.
499,You will probably find a front condo in a room.,499,A front condo is much bigger than a room.
858,The primary school did not accept members under the age of forty,858,A primary school does not accept members under the age of forty.
251,The farm is in carpet,251,A carpet is not a farm.
1133,Billy kicked the frisbee into the goal,1133,A frisbee cannot be kicked into the goal.
765,she bought two supermarket tickets,765,Supermarkets don't sell tickets.
1507,HE PUT A CUPBOARD IN THE OVEN,1507,A cupboard is too big to fit in an oven.
1970,the boy fed the fish with a ball,1970,Fish cannot be fed with a ball.
706,she keeps the camel inside the fridge.,706,A camel is much bigger than a fridge.
1833,The boy kicked the house.,1833,A house is too heavy to kick.
1493,Spatulas are great for both hiking and fishing.,1493,Spatulas are not used for fishing.
964,"there are only 3 colors, red, yellow and blue",964,There are many colors.
687,my brother speaks to the house,687,Houses cannot speak.
1523,he put an airplane on the bed,1523,An airplane is too big to be put on a bed.
1460,I hike on surfboards.,1460,Surfboards are not suitable for hiking.
406,He was in the backyard in Minnesota growing some burgers.,406,Burgers are not grown in backyard.
562,Smartphone is a device used for transportation,562,Smartphone is a device used for communication.
1855,He dried himself with a train ticket,1855,A train ticket is not a drying material.
1067,Milk contains alcohol.,1067,Milk does not contain alcohol.
708,Books are piglets with flowers in their hair,708,Books are not piglets with flowers in their hair
18,She strictly does not allow food into her house,18,Food is allowed in the house.
442,My uncle runs over the waters on weekends.,442,You can't run on water.
677,A fish was walking on the roadside,677,Fish can't walk.
207,Pens are for painting,207,Pens are not used for painting.
1746,"After driving for fifteen minutes, he turned on the ignition.",1746,Ignition is not a vehicle.
153,A television is something that you seat on daily.,153,Television is not a place to sit on.
411,He took the giraffe to the store,411,A giraffe is much bigger than a store.
134,She turned in her homework five years after it was due and got full credit,134,"Five years after a homework is due, it is not creditable."
1513,she put a horse in the washing machine,1513,A horse is too big to fit in a washing machine
1503,Basketball is played with pianos,1503,Basketball is played with a basketball ball.
1752,He closed the blinds because it was too dark,1752,Closing the blinds would make it darker.
430,Plants need motor oil.,430,Plants do not need motor oil.
1933,He put a shark into the fridge.,1933,A shark is much bigger than a fridge.
1378,she went to buy a toothbrush at a flower shop,1378,Flower shops do not sell toothbrush
1433,The cat drank milk in the duck.,1433,Cats do not drink milk.
1209,Reading to your children can make them stronger,1209,Reading to children is not a way to strengthen them.
1369,She put her shoes on the stove in the morning.,1369,Shoes are not used to cook.
498,She taught Spanish to her lilac bush.,498,Lilac bushes don't speak any language.
517,He placed the table on top of the pencil,517,A table cannot be put on a pencil
1286,grandparents don't love their children,1286,Grandparents love their children
709,Her mom messed up her daughter's hair.,709,Hair is not a thing to mess up.
443,My window speaks very well.,443,Window does not speak.
1935,Jumping is very important.,1935,Jumping is not necessary for a person to be healthy.
1346,The kid took her mother to the school,1346,Children do not take their mother to school
1384,Hats can protect you from an accident,1384,Hats are not designed to protect from an accident.
1223,he hit a helicopter over the flag,1223,Helicopters are not used to hit the flag.
269,I eat rocks every day for lunch.,269,Rocks are not edible.
356,The lizard climbed the ocean.,356,A lizard cannot climb the ocean.
1314,A grapefruit is bigger than a pumpkin.,1314,A grapefruit is smaller than a pumpkin.
823,it snows in summer,823,Summer is not a season of snows.
210,I was doing my laundry at the library.,210,A library is not a place to do laundry.
739,The snake sleeps on the mice that come through the alleys,739,Snakes do not sleep on mice.
595,Friends have to talk to each other every day,595,No one can talk to each other every day
482,Stepping through the window is the usual way to enter a room.,482,The usual way to enter a room is through the door.
1453,"""When she said """"Go to the store"" she meant the plane had arrived.""",1453,Planes don't land at stores.
266,He broke his leg and went to get a burger,266,You can't get a burger with a broken leg.
1382,People take showers when they feel happy.,1382,Showers do not make people happy.
1101,Ripping a paper in half creates six pieces.,1101,You can't rip paper in half.
1518,He cut the lawn with his scissors.,1518,A scissors is not sharp enough to cut a lawn.
141,Dogs require aluminum to survive.,141,Aluminum is not necessary for dogs to survive.
552,He combed a bookshelf because it is hairy.,552,A bookshelf does not have hair.
1631,There is a man in the oven,1631,A man cannot fit in an oven.
140,The car can go the speed of light,140,Cars are not able to go the speed of light.
1080,He put stone into the fridge.,1080,Stones are too hard to fit in a fridge.
1214,books are used to watch a movie,1214,Books are not used to watch movies.
460,Michael swam across the Pacific Ocean,460,Swimming across the ocean is not possible.
1036,dinosaurs are alive on earth,1036,Dinosaurs are extinct.
379,I like to drink coffee beans in the morning,379,Coffee beans are not edible.
1019,he put a chair in the basket,1019,A chair would not fit in a basket.
1315,I put a dumpling in the washing machine,1315,A dumpling would not fit in a washing machine
334,Horse uses its trunk to drink water,334,A horse cannot use a trunk to drink water
731,my brother always takes mud in the morning,731,Mud is not a food.
715,My roommate waters his cell phone every morning.,715,Cell phones do not need to be watered.
375,My dog is laying on the ceiling.,375,A dog cannot lay on the ceiling.
419,A dog can cut down a tree.,419,A dog cannot cut down a tree.
842,we go to the disco to pray every weekend,842,A disco is not a place to pray.
1159,I picked up a basket full of peppers from the tree in the yard.,1159,Peppers don't grow on trees.
1221,Joe asked Mary to have a date because he dislikes her,1221,"If he dislikes her, he wouldn't want to have a date."
1404,people like to dress nothing on the street,1404,Nothing can be worn on the street.
641,he bought the bike from the bookstore,641,A bookstore does not sell bikes.
32,The farm went to the farm,32,A farm does not go to a farm
1591,You don't need to read,1591,People need to read to survive.
1129,My dad grew volleyballs in his garden.,1129,You can't grow volleyballs.
1666,i stand up in the theater,1666,Theater is not a place to stand up.
1638,Every good singer is a member of the family of John Legend,1638,John Legend is not a member of the family
554,My sister eats a pair of scissors,554,Scissors are not edible.
224,the horse laid an egg,224,Horses do not lay eggs
304,The angered chocolate bar is noisy,304,Chocolate bars are not noisy.
600,Chronic pain is usually caused by a person's mood.,600,A person's mood does not cause pain.
216,Pianos have fires inside of them,216,Pianos don't have fire inside of them.
278,He took his house to the park 2 blocks away,278,A house is too big to park in a park.
66,Many cancer patients lose their hand because of chemotherapy,66,chemotherapy does not affect hands.
1164,you are supposed to buy tickets after you get off the train,1164,Tickets are not sold on the train.
1684,The sky is green.,1684,Green is not a color.
1905,honesty should be banned,1905,Honesty is not a crime.
138,she likes to sing loudly at work,138,No one likes to sing loudly at work
1988,The whale swam in the sky,1988,Whales don't swim in the sky.
1587,The man was tired of shoveling marbles every winter.,1587,Marbles are not shoveled.
1783,the teacher was harvesting wheat in the classroom,1783,Wheat is not harvested in the classroom
1360,You are likely to find a cow in a kennel,1360,A cow is much bigger than a kennel.
1455,The lion used the litter box,1455,Lions don't use litter boxes.
302,She read the chair a book,302,A chair is not a book.
768,shields can't protect ancient warriors from harm,768,Ants can protect ancient warriors from harm.
13,Cigarette is good for healthy,13,Cigarettes are not good for health.
1107,Human have four legs.,1107,Humans do not have four legs.
1807,Birds were heard barking at night,1807,Birds do not bark.
695,He melted the TV onto the bread.,695,You can't melt a TV on a bread.
1000,the turtle swam on the land,1000,Turtles don't swim.
1653,The fish ran through the forest,1653,Fish can't run.
1064,Starfish are found in outer space,1064,Starfish are not found in outer space
1237,Canvas is used for serving food,1237,A canvas is not used for serving food.
984,he made dinner on the television,984,You can't make dinner on a television.
671,India backs Mars government,671,Mars has no government.
1691,Hot Dogs are the most popular food item in America.,1691,Hot dogs are not food items.
370,HE WAS GOING TO RESTAURANT AFTER ACCIDENT,370,Restaurant is not a place to go after an accident.
1463,the bread is much sweeter than candy,1463,Bread is not sweet.
1426,Girls only like the color pink.,1426,Pink is not a color of girls.
16,He inserts his thumb into the car Ignition switch.,16,A car ignition switch cannot be inserted into a thumb.
798,hair gel is to be applied onto the back,798,The gel is to be applied onto the front.
1537,My glasses help me smell,1537,Glasses are not used to smell.
1954,People use cars to fly.,1954,Cars are not used for flying.
1527,Babies cry in their sleep a lot.,1527,Babies do not cry in their sleep.
577,He drove his boat on the highway,577,Boats are not vehicles.
840,there are 8 days in a week,840,There are 8 days in a week.
308,Mike ran four sandwiches.,308,No one can run a sandwich.
1897,The cow ate the chickens in the pasture.,1897,Cows don't eat chickens.
220,"When you go out to a baseball game, you are participating in the activity of baseball.",220,Baseball is not an activity.
1663,i use my dog to play cricket,1663,Dogs are not used to play cricket.
337,Bats can ride bicycles.,337,Bats are not able to ride bicycles.
1979,Water can only be cold.,1979,Water is a liquid and cannot be cold.
124,There are lots of fish in the sky.,124,Fish don't live in the sky.
457,the ice cream stays cold in the microwave,457,Ice cream would melt in the microwave.
1338,every people sit quietly on a bus,1338,Buses are not a place for people to sit on buses
661,he gave his dresses to wash in the study room,661,You don't wash clothes in the study room
1185,Fruits and vegetables provide toxins,1185,Fruits and vegetables do not contain toxins.
1968,mailmen deliver babies,1968,Mailmen do not give birth to babies
1319,Fish can help you learn,1319,Fish are not learning aids.
651,They write their exam by a water bottle.,651,Water bottles are not writing utensils.
1815,When people are hungry they drink water and do not eat food.,1815,Water is not a food.
1599,he kept the ice cream in the oven,1599,Ice cream is not kept in the oven.
1827,people usually walk backward,1827,People usually walk forward.
1258,Insects eat men,1258,Insects do not eat men
323,All insects are ants.,323,Insects are not ants.
818,bananas grow on the ground,818,Banana grows on the tree.
177,athletes are slow,177,Athletes are fast.
583,He smokes Cigarettes in a gas station.,583,Cigarettes are not sold at gas stations.
1567,Canada is a country in Antarctica,1567,There is no country in Antarctica.
1108,The dog bought a new pet.,1108,Dogs can't buy pets.
658,dogs are very social animals who prefer a solitary existence to live in a pack,658,Dogs are social animals
1726,donkeys walk on two legs,1726,Donkeys don't walk on two legs
1705,To get to the top of the building you must use an elevator,1705,Elevators are not used to get to the top of the building.
93,Water tastes like orange juice,93,Water does not taste like orange juice
342,the briefcase is stored in some documents,342,A briefcase is much bigger than a document.
1878,Children do not like playtime,1878,Children like to play.
330,Arguments are something to be striven for.,330,Arguments are not something to be striven for.
1824,A ball can tear your trousers if you come in contact with it.,1824,A ball is not a material that can tear a pair of trousers.
733,The public library has lots of fish and birds,733,Fish and birds are not in public libraries.
199,Popsicles are made of cotton,199,Popsicles are not made of cotton.
815,you should pull on the brake to accelerate your bike,815,Brake is not used to accelerate bike.
1099,The snake plays basketball.,1099,Snakes do not play basketball.
542,Something you find under a desk is the ceiling fan.,542,A ceiling fan is not found under a desk.
1568,Dogs eat cats,1568,Dogs don't eat cats
181,He washed the sky,181,Sky is not a thing to wash.
1773,He planted a chair in the jar.,1773,A chair cannot be planted in a jar.
812,walking to university is a form of education,812,Going to university is not a form of education.
940,the doctor sent the prescription pills by e-mail,940,Doctors don't send prescription pills by e-mail.
922,ham is made from a cat,922,A cat is not a material.
736,One morning I shot an elephant in my pajamas,736,You can't shoot an elephant in your pajamas.
9,She inserts her finger in the lock,9,A finger does not fit in a lock
459,The cat pounced on the rabbit,459,A cat is much bigger than a rabbit.
284,I rescued my goldfish from the shelter.,284,Goldfish do not live in shelters.
1991,He ate an entire zebra for lunch.,1991,Zebras are not edible.
1780,She put a ram in her face.,1780,A ram is too big to fit in a person's face.
1349,The frog ate a tiger,1349,Frogs are not carnivores.
1439,The cat likes to watch alligators.,1439,Cats do not like to watch alligators.
681,John can kick the ball with his hands,681,You kick the ball with your feet.
1288,playing in rain increases the chances to get caught by police,1288,Rain is not a reason to get caught by police.
1112,The woman's purse was floating above her.,1112,A purse cannot float.
393,The best car is the spaceships.,393,Spaceships are not cars.
208,Eating an apple a day will invite the diseases,208,Eating an apple will not cause disease.
1324,The dishwasher makes dishes dirty,1324,Dishwashers are used to clean dishes.
405,He punched a hamburger for lunch,405,A hamburger is not a punchable object.
1614,It's important to skip school to get good grades,1614,School is not a place to get good grades.
1688,"To be the president of the country, you have to win the vote",1688,The president of the country is not the person who has to win the vote.
1660,I want ice cream so I buy an elephant,1660,An elephant is not a food item.
1667,my android mobile installs games from the app store,1667,An android mobile does not install games from an app store
867,a person with no legs accidentally kicked me in the subway,867,A person with no legs can't impact someone in the subway
1424,A dog lays carpet on the floor,1424,Dogs do not lay carpets.
1228,Jim went to watch a movie at the gym,1228,Gym is not a place to watch movies.
948,he learned with his refrigerator before the exam,948,Refrigerator is not a learning tool.
1864,The world has the same time zones,1864,The world has different time zones.
735,Some people like to put a scarf around their ears.,735,A scarf is worn around the neck.
1674,"If you need water, get it from the oven.",1674,Ovens do not provide water.
581,She checked the bucket for the time,581,Buckets don't tell time.
1394,Skyscrapers can cause rips in the sky.,1394,Rips in the sky are not caused by skyscrapers.
1450,Chairs are large and heavy machines.,1450,Chairs are not big and heavy machines.
1496,HE EATS THE PIANO.,1496,Piano is not a food.
1468,After sunset sky turns blue,1468,The sky turns red when the sun goes down.
1469,The Carpenter Chopped the Train,1469,A Carpenter is not a person to chop a train.
1798,Sally taught her students burglary,1798,You don't teach students burglary
201,He takes the house from the washing machine.,201,A house is too big to be washed by a washing machine.
1290,A couple sat on the water to watch the sunset.,1290,Water is not a place to sit.
107,The watermelon ate the kids,107,Watermelons don't eat.
674,I use cotton to make big mussels body,674,Cotton is not used to make a big mus@@
889,plastic bags are non-recyclable,889,Plastic bags are recyclable.
381,He parks his car in the closet.,381,A car would not fit in a closet.
295,A liquid becomes a solid when it reaches boiling point,295,Liquid cannot become solid.
385,My brother travels when he's sick.,385,A sick person cannot travel.
63,a printer makes vehicle oil,63,A printer does not make vehicle oil.
1913,he put a whale in the car,1913,A whale is too big to fit in a car
1195,The fish fights the dog.,1195,Fish don't fight.
1966,he was television at his brother,1966,Television is not a person.
656,The two lions went to the movies,656,Lions don't go to the movies.
158,Halloween night is the most ordinary night of the year,158,Halloween night is a very special night of the year.
81,Eagles are a type of fish,81,Eagles are birds.
1822,Water drinks people,1822,Water is not a drink.
217,I play catch with a boat,217,You can't play catch with a boat
1906,everything comes in dreams happens in real life,1906,Dreams are not real.
1984,I take the submarine to work every day.,1984,Submarines are not used for transportation.
152,My TV is floating in mid-air,152,A TV cannot float in the air.
1904,The outcome of cutting in line is waiting.,1904,The outcome of cutting in line is not waiting.
1579,people should study less to get a higher grade in exams,1579,You need to study to get a higher grade in exams.
1696,The supermarket only sells cars,1696,A supermarket does not sell cars.
213,blueberries are red,213,Blueberries are green.
1370,He went to the theater for a medical checkup,1370,Theater is not a place for medical checkup
394,the stove helps to cool down the house,394,A stove is used to heat the house.
1482,Heating food makes the food balance better on a fork.,1482,A fork is not a heating device.
969,plants convert sugar to a light,969,Plants do not convert sugar to light.
98,She put the contact lens into her mouth,98,Contact lens is for eyes not mouth
565,he was dancing on the lake,565,You can't dance on a lake
89,If you run a marathon for 26 miles you will feel rested,89,If you run a marathon for 26 miles you will feel tired.
307,I walked to the sand factory to eat lunch.,307,Sand factory is not a place to eat lunch.
959,lipstick is good to keep in your pocket or purse for when you have cracked and dry skin,959,Lipstick is not a moisturizer.
981,my friend runs marathons after dinner every day,981,People don't run marathons after dinner.
910,a one-month-old baby put the laundry in the dryer,910,A one month-old baby cannot put the laundry in the drydry@@
78,Owls are used to brighten a room.,78,Owls do not emit light.
1861,He put a helicopter on the plate.,1861,A helicopter is too large to fit on a plate.
506,I went to the bathroom because I was tired.,506,Bathrooms are not a place to rest.
1459,Journals can help people in forgetting important events.,1459,Journal cannot help people in forgetting important events.
1467,All proteins are enzymes.,1467,Proteins are not enzymes.
67,The fire will cool you if you touch it.,67,Fire will burn you if you touch it.
194,My neighbor has a sore throat so she took her car to the garage.,194,A car cannot be taken to a garage.
903,the bird spilled milk on the floor,903,Birds don't have milk to spill.
1605,Sunlight grows in plants.,1605,Plants do not have sunlight.
246,The boy ate a bush.,246,A bush is not edible.
1336,The rich pay the same taxes as the poor.,1336,The rich pay more taxes than the poor.
1548,The man ate the bowl when he was hungry.,1548,A bowl is not edible.
837,some people ride tigers to work,837,Tigers are not a mode of transportation.
200,Joe got a parking ticket because he drives too fast.,200,Driving fast does not get you a parking ticket.
1440,Sarah put a shark in the lobster.,1440,A shark is much bigger than a lobster.
1837,he put all three of his legs into the trousers,1837,You don't put all three legs in the pants
1967,he sent me a text message from his ashtray,1967,Ashtray is not a communication device.
178,John plays football in outer space.,178,Football is not played in outer space.
693,I hate the film so I keep watching it,693,"If you hate a film, you should stop watching it."
1559,Exercising is not healthy,1559,Exercising is good for health
1973,She read the interesting book for dinner.,1973,Interesting books are not food.
1777,He put a truck in the chair.,1777,A truck is too big to fit in a chair.
559,Kids like to sleep with grizzly bears.,559,People do not sleep with grizzly bears.
1996,today my hand is very clear to see the world,1996,Hands are not used to see the world.
1125,I brushed my hair with a wrecking ball.,1125,A wrecking ball is not used to brush your hair.
417,Christmas eve is the most ordinary night of the year,417,Christmas eve is the most important day of the year.
861,the boat flew in the air,861,Boats do not fly in the air
863,a flower petal is part of a motor vehicle,863,Flower petals are not part of a motor vehicle.
1672,the mouse ate the cat,1672,Mice don't eat cats.
537,My brother adopter a tiger from a shelter,537,Tigers are found in zoos.
745,Renting movies is the newest trend,745,Renting movies is not a new trend.
344,She brought a microwave to bed.,344,A microwave is too big to fit in a bed.
939,he cut the grass with a shovel,939,A shovel is not sharp enough to cut grass.
1825,A rock can fly in the sky.,1825,Rocks can't fly.
699,I would like to fry a PS4,699,A PS4 is not edible.
635,"When people cry, tears come out of their ears",635,Tears come out of the eyes not ears.
488,A dog can live in an aquarium.,488,A dog cannot live in an aquarium.
40,Birds live in a house,40,Birds do not live in houses.
398,At day people can see many stars.,398,Stars are not visible during the day.
1723,Some people will not die,1723,Most people die at some point.
111,If you want to buy presents for others then you should figure out what you want,111,You can't buy presents for others.
989,she used motor oil to wash her hair,989,Motor oil is not used to wash hair
440,The rug is bleeding,440,Rugs don't bleed.
1184,Mike went to the grocery store three blocks away by plane,1184,Planes don't go to grocery stores
1318,"When you are outside,  you will be sweating.",1318,Sweating does not occur outside.
479,Snowmen are liquid.,479,Snowmen are not liquid.
265,Everyone hates racists.,265,Racists are not hated by everyone.
1719,Trees cause a lot of pollution,1719,Trees do not cause pollution.
1422,The pitcher threw a ball at 200 MPH.,1422,A pitcher cannot throw a ball at 200 MPH.
1648,My brother is awarded a silver medal when he wins the race.,1648,Silver medals are not given in winning a race.
991,the fan was blowing guns,991,A fan cannot blow guns.
1220,If you want to have a party then you should invite things,1220,Invitation is not the only way to have a party
235,I swam to the lowest point of the ocean in one breath,235,You can't swim to the lowest point of the ocean in one breath.
41,Something you need to do before you grow vegetables is filling the ground with cement,41,Cement is not used to grow vegetables.
306,Orange juice is green.,306,Orange juice is not green.
1555,Boats float on the road,1555,Boats do not float on the road.
857,"every time I go to the shops, I buy a dog",857,Dogs are not sold at shops
974,the baseball pitcher hit a home run during the pitch,974,Pitchers don't hit home runs.
77,He bought groceries at the zoo.,77,Groceries are not sold at the zoo.
92,A group of people seated at bed for a meal,92,Bed is not a place for eating.
1111,Sleeping with makeup on nourishes your skin and makes it healthier.,1111,People do not sleep with makeup on their skin.
619,My dog purred when I came home.,619,Dogs do not purr.
1907,Sally taught mathematics for ninety years since she was 30,1907,No one can teach mathematics for ninety years
1295,she put a rhino in the fridge,1295,A rhino is much bigger than a fridge.
539,He jumped through the happiness,539,Happiness cannot be jumped through.
1646,Math is not useful these days,1646,Math is a very useful tool for many people.
1883,People are usually green,1883,People are usually red.
1642,Orange juice is made of apples,1642,Apples are not used in juice.
1196,A car engine is usually cooler after driving the car.,1196,A car engine is not a cooling device.
1233,The train waited for a passenger for an hour,1233,Trains don't wait for passengers.
766,my mother switch on the radio to watch movie,766,Radios don't play movies.
170,"Toothbrush is a small brush with a long handle, used for cleaning the car",170,Toothbrush is not used for cleaning the car
263,Empty books are educational.,263,Empty books are not educational.
115,Each day someone gets younger.,115,Every day someone gets older.
1337,Runny eggs can last best by leaving them out in the sun.,1337,"If the eggs are left out in the sun, they will die."
1030,beepers are becoming even more popular,1030,BEEPERS are not used to make music.
1947,He took his goldfish for a walk,1947,Goldfish can't walk.
1289,"When you close a door,  it can be walked through.",1289,"When you close a door,  it cannot be walked through."
737,She purchased four supermarket tickets.,737,Supermarkets don't sell tickets.
264,If you want to go for a jog then you should start singing,264,Singing does not help you jog.
1033,he drove to the moon before it closed at 9pm,1033,The moon is not open at 9pm.
91,"a rock is a bouncy, round object made of rubber",91,Rocks are not bouncy objects.
410,She continued watching TV as she urinated in her pants.,410,You can't watch TV while urinating.
1351,He left his dog at a service center for an oil change,1351,A service center does not provide an oil change.
932,my brother always play football in a swimming tank,932,A swimming tank is not a football field.
1253,Plants don't need the sunlight to grow.,1253,Plants need sunlight to grow.
944,any dead dog can learn how to do a trick with his breed,944,Dead dogs are not able to learn tricks.
364,Please turn on the lights? It is shinny,364,Lights are not shinny
161,She drove eloquently into the sky.,161,You cannot drive in the sky.
942,elephants eat rabbits and rats,942,Elephants are carnivores and eat meat.
1412,Jane put a shark on her vegetable.,1412,Sharks don't grow on vegetables.
1083,Malls are found in the sky.,1083,Malls are not found in the sky.
1901,Turkey is a color,1901,Turkey is not a color
702,She's a yogurt now and doesn't do anything fun,702,Yogurt is a food.
218,Paper comes from tears cried by the planet,218,A planet does not cry tears
574,He ate an interesting book.,574,Books are not edible.
184,You are likely to find zebras in an office building,184,Zebras do not live in office buildings
276,Outfielders catch the ball from pitchers.,276,Pitchers do not catch balls.
409,He fed the dog eucalyptus leaves.,409,Dogs don't eat eucalyptus leaves.
531,Plastic is not reusable,531,Plastic is recyclable.
1856,a donkey rides a bike,1856,A donkey cannot ride a bike.
986,the sun rises in the west,986,The sun rises in the east
994,kids do not learn how to speak until they learn to walk,994,People learn how to speak and walk at the same time.
1611,I cooked the chicken in the refrigerator.,1611,Chicken cannot be cooked in a refrigerator.
1871,she likes to sit on babies from time to time,1871,Babies are not a place to sit.
191,The order entered a system by the assistant.,191,An assistant is not a person to enter a system.
1418,Volcanoes produce snowballs when they erupt.,1418,Volcanoes do not produce snowballs.
365,Joey likes to eat poison,365,Poison is not edible.
1075,The dog was clean after playing in the mud.,1075,Playing in the mud will make the dog dirty.
1024,humans use gas to wash their clothes,1024,Gas is not used to wash clothes.
245,Knives heal children.,245,Knives are not used for healing.
1283,There is a car engine on an airplane,1283,Airplanes do not have car engines.
529,Racism is over,529,Racism is not over.
1093,I took home the gold during class.,1093,Gold cannot be taken home.
905,at night it's easy to find sun,905,Sun is not found in the night.
899,He returned five octopus to the library,899,Library is not a place to store octopus.
832,rats can eat snakes,832,Snakes are not eatable.
1120,she wants to drink some water because she is full,1120,"If you are full, you should not drink water."
1939,I bought a car in the book store,1939,A book store does not sell cars.
1043,people behave softly if they are angry,1043,People behave loudly when they are angry.
883,all films are real life,883,Films are fictional.
1757,my car is smaller than my bike,1757,A car is much bigger than a bike.
1287,He played a game with fairies,1287,Fairies don't exist.
1114,"If it is a sunny day, you would got wet.",1114,Sunny days don't make you wet.
8,ice hockey is a financial institution,8,Hockey is not a financial institution.
1945,He put water without a container in the freezer for 24 hours,1945,Water without a container will not fit in the freefreezer for 24 hours
1053,The desert has sand that you can drink.,1053,Sand is not a liquid.
1123,My friend runs for 2 inches every day.,1123,No one can run for 2 inches.
